{
  "coringas" : [
    {
      "nome": "CORINGA NAKA",
      "descricao": "teste descricao",
      "raridade": "teste raridade",
      "preco": 100,
      "xp": 0,
      "level": 1,
      "imagemCaminho" : "/assets/images/cartas/coringas/coringaboss_0.png"
    },
    {
      "nome": "CORINGA JULIO CESAR",
      "descricao": "teste descricao",
      "raridade": "teste raridade",
      "preco": 100,
      "xp": 0,
      "level": 1,
      "imagemCaminho" : "/assets/images/cartas/coringas/coringaboss_1.png"
    },
    {
      "nome": "CORINGA TUX",
      "descricao": "teste descricao",
      "raridade": "teste raridade",
      "preco": 100,
      "xp": 0,
      "level": 1,
      "imagemCaminho" : "/assets/images/cartas/coringas/coringaboss_2.png"
    },
    {
      "nome": "CORINGA ANDRE",
      "descricao": "teste descricao",
      "raridade": "teste raridade",
      "preco": 100,
      "xp": 0,
      "level": 1,
      "imagemCaminho" : "/assets/images/cartas/coringas/coringaboss_3.png"
    },
    {
      "nome": "CORINGA DAVIZAO",
      "descricao": "teste descricao",
      "raridade": "teste raridade",
      "preco": 100,
      "xp": 0,
      "level": 1,
      "imagemCaminho" : "/assets/images/cartas/coringas/coringaboss_4.png"
    },
    {
      "nome": "CORINGA DIABO",
      "descricao": "teste descricao",
      "raridade": "teste raridade",
      "preco": 100,
      "xp": 0,
      "level": 1,
      "imagemCaminho" : "/assets/images/cartas/coringas/diabo.png"
    },
    {
      "nome": "CORINGA LABSICC",
      "descricao": "teste descricao",
      "raridade": "teste raridade",
      "preco": 100,
      "xp": 0,
      "level": 1,
      "imagemCaminho" : "/assets/images/cartas/coringas/labsicc.png"
    },
    {
      "nome": "CORINGA MORANGAO",
      "descricao": "teste descricao",
      "raridade": "teste raridade",
      "preco": 100,
      "xp": 0,
      "level": 1,
      "imagemCaminho" : "/assets/images/cartas/coringas/morangot.png"
    }
  ]
}